Index,Organization Id,Name,Website,Country,Description,Founded,Industry,Number of employees
1,E84A904909dF528,Liu-Hoover,http://www.day-hartman.org/,Western Sahara,Ergonomic zero administration knowledge user,1980,Online Publishing,6852
2,AAC4f9aBF86EAeF,Orr-Armstrong,https://www.chapman.net/,Algeria,Ergonomic radical budgetary management,1970,Import / Export,7994
3,ad2eb3C8C24DB87,Gill-Lamb,http://lin.com/,Cote d'Ivoire,Programmable intermediate conglomeration,2005,Apparel / Fashion,5105
4,D76BB12E5eE165B,Bauer-Weiss,https://gillespie-stout.com/,United States of America,Synergistic maximized definition,2015,Dairy,9069
5,2F31EddF2Db9aAE,Love-Palmer,https://kramer.com/,Denmark,Optimized optimizing moderator,2010,Management Consulting,6991
6,6774DC1dB00BD11,"Farmer, Edwards and Andrade",http://wolfe-boyd.com/,Norfolk Island,Virtual leadingedge benchmark,2003,Mental Health Care,3503
7,116B5cD4eE1fAAc,"Bass, Hester and Mcclain",https://meza-smith.com/,Uzbekistan,Multi-tiered system-worthy hub,1994,Computer Hardware,2762
8,AB2eA15d98b6BD4,"Strickland, Gray and Jensen",http://kerr.info/,Israel,Team-oriented fresh-thinking knowledge user,1987,Performing Arts,7020
9,0c6D831e8DceCfE,"Sparks, Decker and Powell",https://www.howe.net/,Israel,Down-sized content-based info-mediaries,1977,Marketing / Advertising / Sales,2709
10,9ABE0c8aee135d6,"Osborn, Ford and Macdonald",http://www.mcdonald-watts.biz/,Syrian Arab Republic,Optional coherent focus group,1990,Investment Banking / Venture,5731
11,C494aBe0CDB9c70,Gonzales Inc,http://lara.org/,Angola,Enterprise-wide attitude-oriented conglomeration,2019,Capital Markets / Hedge Fund / Private Equity,2252
12,9FBF69aa2D9AAF1,"Ballard, Goodman and Boone",http://berger-chen.info/,Iran,Multi-layered zero administration ability,2019,Logistics / Procurement,6165
13,4EB9d3E5cF79b91,"Bernard, Payne and Spencer",http://williamson.net/,Afghanistan,Polarized dynamic projection,1990,Transportation,730
14,e5CA6529DCD4030,Mcpherson-Blanchard,http://www.ward.com/,Bulgaria,Integrated didactic product,1972,Law Enforcement,9890
15,b0BBeBB36bAbb35,"Koch, Gomez and Hays",http://ewing-rosario.biz/,French Southern Territories,Operative national superstructure,1997,Financial Services,8497
16,CDa7Ec784D5A8Bd,"Meza, Ramirez and Braun",https://hardy.biz/,Timor-Leste,Customer-focused multi-tasking ability,2012,Public Relations / PR,5205
17,b7cBE6A9E79A56F,"Morales, Hinton and Gibbs",https://hudson.com/,Serbia,Seamless global utilization,2014,Museums / Institutions,6706
18,e5cab57FFF6f4bd,Abbott-Arroyo,http://delgado.net/,Hungary,Visionary holistic firmware,1994,Architecture / Planning,117
19,3851f381Ea54d70,Trevino-Foley,https://baxter.com/,Canada,Enterprise-wide 6thgeneration parallelism,1973,Wine / Spirits,6765
20,2FaDD3Ac0fB4052,"Bowman, Walters and Sawyer",https://www.drake-calhoun.com/,Yemen,Exclusive client-server collaboration,1988,Think Tanks,5926
21,0502B16c90e7072,Shepherd PLC,http://bailey.org/,Jamaica,Sharable zero-defect methodology,1972,Newspapers / Journalism,5687
22,12b447DFF9eef1f,"Solis, Knapp and Nash",https://www.finley.biz/,Marshall Islands,Visionary content-based model,1978,Aviation / Aerospace,9277
23,efc5C915AcbF437,"Young, Buchanan and Vazquez",http://www.gregory-chapman.com/,Greenland,Customizable disintermediate attitude,2005,Sports,8299
24,3dc422C0ac77DE1,"Ford, Patel and Singleton",http://cook.biz/,Iraq,Centralized intangible knowledge user,2011,Defense / Space,7245
25,F86a2ca7a4def88,King Inc,https://love.info/,French Southern Territories,Phased logistical project,2013,Real Estate / Mortgage,7464
26,FAACec3019Bf7F5,Jacobs-Kline,https://www.smith-hardin.org/,Bhutan,Inverse 6thgeneration pricing structure,1988,Sporting Goods,2788
27,87DfB4DddDdC345,"Hardin, Walsh and Arias",http://www.middleton.biz/,Thailand,Inverse methodical solution,1980,Graphic Design / Web Design,3738
28,6A4daD8c40aa962,"Mccann, Dominguez and Ray",http://www.deleon.com/,Guadeloupe,Mandatory systemic moderator,2016,Broadcast Media,8641
29,8Dddb95Ec0BdfF3,Beltran Ltd,http://www.ray-proctor.net/,Uzbekistan,Digitized 4thgeneration encryption,2016,Media Production,2952
30,8B901f70eAF1BBE,Chaney-Kent,https://edwards-gutierrez.com/,Hungary,Expanded analyzing Graphic Interface,1972,Professional Training,1075
31,99c991d513A6EFB,Thomas PLC,http://www.potter.net/,Maldives,Right-sized national projection,1972,Telecommunications,2548
32,fa86Cf14EFab3DC,Patton Inc,http://moreno.info/,Seychelles,Cloned mobile architecture,2002,Venture Capital / VC,95
33,CAFbcFc67aB9e31,Gay Inc,https://moses-dunn.com/,Myanmar,Polarized explicit focus group,2019,Luxury Goods / Jewelry,8106
34,ad19ebCB2BB7eE5,House-Perry,http://www.hogan.com/,Maldives,Vision-oriented 6thgeneration leverage,1977,Arts / Crafts,2938
35,9f8eFb3D03193DB,Cortez LLC,http://woodard.com/,Antarctica (the territory South of 60 deg S),Customer-focused background approach,1972,Printing,9056
36,2C296aE0AA2Ff5d,Bridges-Carroll,http://blevins-humphrey.com/,Liechtenstein,Extended 24hour implementation,1999,Commercial Real Estate,8937
37,83f947d8Ee5773B,Powers-Mack,https://www.berg.com/,Falkland Islands (Malvinas),Future-proofed grid-enabled application,1983,Sporting Goods,3985
38,d5A9ACE6035F9ce,"Baldwin, Warner and Russell",http://www.hoffman.biz/,Jersey,Persistent disintermediate capacity,1997,Legal Services,7675
39,dAA7BD2c863aA68,Chase-Saunders,https://www.carr.com/,Palestinian Territory,Pre-emptive tertiary solution,1975,Venture Capital / VC,9145
40,D214D152BdF2F3D,Hood-Becker,http://www.houston.org/,Botswana,Automated methodical Graphical User Interface,2004,Human Resources / HR,1175
41,8F55cD0AD6DCdE2,Francis-Frazier,https://roberts.biz/,Christmas Island,Fully-configurable encompassing methodology,2015,Gambling / Casinos,6202
42,DCc0EfbDF7B06D3,Spence-Tran,http://andrews.net/,United States of America,Open-architected foreground flexibility,1996,Package / Freight Delivery,7426
43,Ef7e820BC9f7e49,Mcdowell-Dawson,http://www.townsend-farrell.com/,Chad,Front-line multimedia Internet solution,1976,Sporting Goods,2861
44,28BF321Ddd65aF7,Harrell LLC,https://villegas.info/,Puerto Rico,Up-sized upward-trending standardization,2011,Motion Pictures / Film,2726
45,43c4fEC9374ccDB,Mayer-Walter,http://www.ramos.com/,Suriname,Assimilated heuristic monitoring,1997,Civic / Social Organization,4595
46,B6C7D83Ac8b2f48,Cooley-Larson,https://washington.com/,Sri Lanka,Advanced fresh-thinking encryption,1988,Furniture,4171
47,DC6d6E7Ea7deAbd,Henson Ltd,https://www.conway.com/,Heard Island and McDonald Islands,Decentralized 6thgeneration Graphical User Interface,2010,Photography,406
48,CDC3230b0a7FaA5,Frye and Sons,https://hughes.net/,Vietnam,Innovative global contingency,2003,Library,746
49,10D5f8e3B8d31B0,"Newton, Ferguson and Camacho",http://barker-mata.com/,Namibia,Realigned incremental leverage,2020,Pharmaceuticals,8287
50,ff0a16aceAAd6de,"Wall, Chandler and Chapman",https://www.melendez.net/,Dominican Republic,Reactive contextually-based pricing structure,1986,Maritime,4604
51,9aAAD5026aa8ABF,Leonard-Wilkinson,http://houston-bailey.com/,Chile,Customer-focused mobile collaboration,1995,Wholesale,8952
52,94FCA153474415b,Walter and Sons,https://hull.com/,Nigeria,Synergistic bifurcated complexity,2014,Information Technology / IT,440
53,bef92c0ca13E5b8,Pratt LLC,https://www.holland.info/,South Georgia and the South Sandwich Islands,Synchronized 4thgeneration moderator,1986,Medical Equipment,5359
54,eBD8BceeFc9A560,Hebert-Santos,http://holloway.com/,Cyprus,Grass-roots optimal analyzer,2004,Gambling / Casinos,7982
55,a3bb544c4f950e5,Hunt Ltd,http://www.fritz.com/,Bahrain,Assimilated optimizing system engine,1977,Primary / Secondary Education,1693
56,C38CF79De2E6b6A,"Gillespie, Hatfield and Mccarty",http://www.acosta-osborne.com/,Indonesia,Object-based zero administration time-frame,1982,Education Management,5784
57,f3ef8FF6A07463C,Little Ltd,https://kramer.net/,South Africa,Sharable coherent leverage,2016,Publishing Industry,7775
58,D3e19C1C996C3bB,Merritt-Mcgrath,http://odonnell.biz/,Egypt,Monitored value-added database,1988,Maritime,6151
59,dEDd9D0Aa6115D3,Collier and Sons,http://www.woodward.com/,Brazil,Organized foreground forecast,2020,Transportation,9151
60,AF1F4eAFeF4dC1a,Brooks LLC,http://www.pollard-gross.com/,Norway,Re-engineered holistic analyzer,2004,Business Supplies / Equipment,58
61,cdbd7720BBA0BF5,"Werner, Berry and Dominguez",http://castro-robles.com/,Botswana,Adaptive dynamic service-desk,2014,Textiles,9676
62,A25549b77E0c766,"Stanton, Graves and Ibarra",http://hanna-hunt.com/,Grenada,Synchronized uniform portal,2000,Professional Training,9431
63,B639Fadb1D47efF,Aguirre Ltd,http://www.wise.com/,Nigeria,Upgradable logistical hierarchy,2020,Public Safety,4941
64,EA8a779beC3c8FF,Romero-Aguirre,https://www.cooley.com/,Bahamas,Digitized demand-driven emulation,2006,Think Tanks,142
65,E91f1F8A749dDaf,Caldwell Inc,https://www.riley-hudson.com/,Morocco,Open-source hybrid analyzer,2008,Library,1729
66,eA78bec48c0fBCe,"Blevins, Love and Banks",http://knight-stevenson.com/,Samoa,Multi-layered needs-based solution,1977,Renewables / Environment,1891
67,f8bD41B97F5e96a,Scott-Ramsey,https://wyatt.com/,Czech Republic,Triple-buffered optimal array,2018,Design,8263
68,BBFAFdac894727a,Kennedy and Sons,http://webb.com/,Peru,Re-engineered modular emulation,1994,Food Production,3296
69,ADfb509e13A3e5e,David and Sons,http://www.barnes.biz/,Serbia,Realigned motivating Local Area Network,2018,Events Services,4660
70,CBE3dA81DFae3a3,Graves Inc,http://www.hinton-potts.com/,Dominican Republic,Cross-group multi-state emulation,1986,Staffing / Recruiting,8802
71,B4Af39eFb508DEE,Mccann-Mcguire,http://www.fleming-farrell.org/,Lesotho,Front-line client-driven project,1970,Legal Services,5800
72,9B19A8FaE4A1EED,Mclean-Mccarty,https://yates.com/,Qatar,Down-sized directional matrices,1978,Transportation,7610
73,fbc90ABEc328e6F,"Sims, Arroyo and Brennan",http://www.blackburn-camacho.net/,Lithuania,Horizontal human-resource synergy,1998,Textiles,4963
74,c8EfD8A1ae4E3CF,Taylor LLC,http://www.spears.com/,Central African Republic,Decentralized heuristic orchestration,1997,Chemicals,8904
75,D9b675D794bBA4e,Young LLC,http://mcintyre-blankenship.org/,Iran,Cross-platform fault-tolerant collaboration,1970,Political Organization,5683
76,38dF1aeDEF8e004,Holden-Wolf,https://flynn-hartman.org/,American Samoa,Mandatory 24hour monitoring,1996,Utilities,5416
77,Da2FE1267CcbbaE,Paul Ltd,http://www.archer.com/,Holy See (Vatican City State),Optional homogeneous throughput,1993,Media Production,4929
78,a45e805Db7fEEE1,Hinton Inc,https://www.hurst.info/,Iran,Inverse well-modulated leverage,2003,Retail Industry,2658
79,50A5cfCDED6ad6a,Stone Inc,http://www.blankenship.info/,Cote d'Ivoire,Triple-buffered web-enabled moderator,1984,Alternative Medicine,816
80,cebd8989bcd3aF8,"Hart, Williamson and Klein",http://burch-montgomery.org/,Suriname,Open-source well-modulated process improvement,1970,Management Consulting,4989
81,9Ff8af1dCacbBBc,Donaldson-Romero,http://anthony.info/,Turkmenistan,Advanced mission-critical capacity,2002,Library,3232
82,89adcc6B8715b23,"Joyce, Turner and Bolton",http://www.long.com/,Bhutan,Balanced bi-directional capability,1975,Online Publishing,6016
83,0bBadDD9247cAbb,Little Ltd,http://www.koch.com/,Mozambique,Cross-platform static workforce,1989,Farming,381
84,89D4ED3f2bd8cdc,Mercado Ltd,https://www.novak-mccarthy.com/,Lebanon,Realigned responsive definition,1971,Consumer Electronics,4759
85,FFDB822C7597C10,Morrow-Lawson,http://www.mann.net/,Antigua and Barbuda,Team-oriented empowering Graphical User Interface,2009,Food / Beverages,3925
86,cC249C3837eBE42,Compton LLC,https://cowan.net/,Tonga,Extended homogeneous hub,1997,Industrial Automation,2011
87,efdFd467F6089d2,Clay-Delgado,https://www.whitney.com/,Morocco,Open-architected 3rdgeneration initiative,2003,Fundraising,7902
88,FE6b0d849EA1ff8,Fuller Inc,http://www.meyers-mcmillan.info/,Guam,Open-architected interactive knowledgebase,2013,Food / Beverages,9074
89,Ba404ddD2AD309a,Mendoza Ltd,https://www.rice-gutierrez.org/,Bahamas,Automated upward-trending migration,2002,Textiles,5158
90,BeeA0cEFCd9B53A,"Mccormick, Stafford and Soto",http://welch.net/,Guyana,Phased empowering monitoring,2000,Health / Fitness,9014
91,E3f8eFc10AD96E9,Robbins-Contreras,https://boyer-nicholson.com/,Lao People's Democratic Republic,Profound optimizing instruction set,1998,Investment Banking / Venture,2330
92,e2d1CfAf492cDD9,"Mcpherson, Gross and Mendez",http://www.sweeney.com/,Morocco,Intuitive mobile application,2002,Maritime,4087
93,A7b73fD2D7A38d0,Adkins Inc,https://www.nunez.info/,Israel,Visionary cohesive focus group,1989,Architecture / Planning,5338
94,0Ab00dcBEb6D7B1,"Watson, Haynes and Phelps",https://www.barnes-cross.com/,Eritrea,Right-sized 3rdgeneration complexity,2006,Capital Markets / Hedge Fund / Private Equity,7978
95,A84Ee68CaB3A6d3,"Higgins, Stout and Page",https://graves-lewis.com/,South Africa,Configurable impactful superstructure,1997,Music,2806
96,70EECEEE7D6fAEc,Byrd Inc,https://dunlap.biz/,Cocos (Keeling) Islands,Sharable discrete frame,2016,Events Services,2240
97,7647af9d4705c6b,Norton Group,https://collins-michael.com/,Burundi,Right-sized 3rdgeneration moderator,2016,Utilities,9497
98,1AEB08bDDcE7AB3,"Preston, Evans and Woodward",http://www.wise.biz/,Venezuela,Visionary transitional hierarchy,1984,Museums / Institutions,4291
99,7Ff02e57F063f64,Miranda Group,https://www.wong.net/,Vietnam,Reactive upward-trending project,1995,Business Supplies / Equipment,7429
100,06Df66C7ec45CF9,Malone-Odom,https://roy.com/,Nepal,Persevering tertiary intranet,1997,Alternative Medicine,4897
101,9Dd10a3ccB2B1Bd,Gamble-Hill,https://www.chaney-eaton.com/,Brunei Darussalam,Extended zero administration database,1993,Computer / Network Security,3468
102,51D98A4d3dbc733,"Russo, Berger and Hopkins",http://casey-archer.com/,Micronesia,Synergistic cohesive parallelism,2011,Insurance,3415
103,c763F85Cc571e19,Wilcox LLC,https://www.holder.info/,Brazil,Organized user-facing analyzer,1988,Computer Games,8471
104,9FB0F575EDa185e,Pham-Bond,https://www.vance.com/,Comoros,Multi-tiered grid-enabled flexibility,1987,Real Estate / Mortgage,6746
105,84eE8fCfEAbB3E1,Bush and Sons,https://www.harrison-cantrell.info/,Tunisia,Stand-alone holistic throughput,2015,Railroad Manufacture,6321
106,c18b4aaD9AdF4cF,Donaldson Group,https://www.horton.biz/,Belarus,Streamlined coherent functionalities,2016,Shipbuilding,1027
107,2A7407b15FB99De,Heath-Barrera,https://www.shah.com/,Senegal,Innovative fresh-thinking capability,2018,Retail Industry,9569
108,96BBBefa9D8DaEc,Ward and Sons,https://www.porter.com/,France,Distributed intermediate conglomeration,2001,Veterinary,8887
109,c85a9a15aaD5EF6,Nielsen-Cooper,https://rojas-braun.com/,Tunisia,Polarized composite circuit,1975,Law Practice / Law Firms,5303
110,Df5EA12EAde4A57,Davies-Fox,https://www.kramer.net/,Philippines,Devolved heuristic standardization,1982,Program Development,6397
111,702ce2294FEb1a9,Griffith Group,http://www.brock.info/,Djibouti,Monitored disintermediate adapter,2009,Furniture,1839
112,f8BE211aFDEbb11,"Welch, Blake and Hamilton",https://case-mathews.info/,Singapore,Profit-focused systematic contingency,1972,Program Development,2059
113,2e115d638A08555,"Henry, Mendoza and Holder",https://villegas-odom.com/,Yemen,Devolved local productivity,2014,Renewables / Environment,1126
114,dDba684d69764EB,Conley Group,http://santana.com/,British Indian Ocean Territory (Chagos Archipelago),Balanced coherent contingency,2013,Events Services,3806
115,A6fBFF338EF6daF,Duncan-Bradshaw,https://lawson-douglas.com/,Oman,Multi-tiered intermediate process improvement,1998,Wine / Spirits,7209
116,F801BAC42f9ac1F,Rowland Group,http://www.sutton-reynolds.com/,Antigua and Barbuda,Assimilated stable capacity,2000,Computer Games,4998
117,BD5d1C11032C2C0,"Pacheco, Wheeler and Watts",http://www.hoffman-floyd.com/,Solomon Islands,Reduced multi-state interface,1971,Wireless,5726
118,F9A0D3AD04Fd9Fe,Mccann LLC,https://www.duran.com/,Malaysia,Self-enabling 24hour firmware,2009,Maritime,7152
119,53b148AfFae7F4c,"Case, Luna and Ballard",https://www.odonnell.com/,Korea,Customer-focused reciprocal circuit,1976,Market Research,1202
120,0dCA8aFEfdA7CFA,Hardy-Clements,http://rollins.com/,El Salvador,Automated transitional model,2010,Machinery,8486
121,4B8B4E2fF70cd78,"Snyder, Levine and Dodson",http://www.horn-sloan.net/,Saudi Arabia,Decentralized bandwidth-monitored website,2019,Museums / Institutions,8656
122,C49FF4A4319C6F2,"Lopez, Moyer and Crane",https://www.patterson-leonard.com/,Western Sahara,De-engineered transitional success,1985,Mechanical or Industrial Engineering,9665
123,E8920CaBc59fb1e,Robles-Hubbard,http://santos.com/,Micronesia,Stand-alone client-server matrix,2021,Executive Office,3536
124,C3Ea6c9A31EDf44,Sanchez-Bell,https://www.grant-duffy.com/,Lao People's Democratic Republic,Automated upward-trending emulation,1987,Graphic Design / Web Design,9240
125,DcFdAc12Eca9f34,Adams and Sons,https://www.paul.biz/,Philippines,Organized motivating protocol,1987,Computer / Network Security,1107
126,F56155A0A9cE693,Cole-Gordon,http://bauer.biz/,Bahrain,Distributed local implementation,2017,Furniture,7082
127,A8fBcDe7DcD5EF4,"Burnett, Estes and Bush",http://www.barrett.com/,Yemen,Front-line tangible open system,2012,Paper / Forest Products,5608
128,d41EdeefDcd9E33,Bautista PLC,http://www.oconnell.biz/,Rwanda,Progressive 3rdgeneration knowledge user,1987,Nanotechnology,7917
129,bdf1B9F31A0daCB,Alvarado Inc,http://www.bowen-callahan.org/,Bhutan,Enhanced client-server leverage,2020,Hospitality,4256
130,5FBF974EC5AaDd4,"Rios, Floyd and Diaz",http://www.davis.org/,South Georgia and the South Sandwich Islands,Exclusive object-oriented firmware,1975,Farming,2319
131,F4BDEc9dBC6fD93,Pacheco-Bruce,http://duffy-kent.com/,Ecuador,Open-architected radical website,1982,Furniture,20
132,e00A9bD20C3D36d,"Mckenzie, Mcclain and Benson",http://sheppard.org/,New Zealand,Universal multimedia utilization,1973,Think Tanks,5644
133,cb63A5285E8ADa9,Hodges-Rollins,https://www.conway.biz/,Tanzania,Re-contextualized real-time task-force,1970,Mechanical or Industrial Engineering,8970
134,aEA01BCfC2356ea,Baker-Sexton,https://www.sheppard.com/,Portugal,Cross-platform tertiary neural-net,2007,Commercial Real Estate,2441
135,EBF6F5440f6bbf4,"Mckay, Cervantes and Blevins",https://santana-nielsen.com/,Western Sahara,Integrated full-range interface,1977,Investment Management / Hedge Fund / Private Equity,9237
136,8Bb4d87c9E9b58d,"Livingston, Stein and Byrd",https://jackson.biz/,India,Phased system-worthy parallelism,2019,Internet,8578
137,9Fe8c132becBbc3,Sweeney-Melendez,http://cardenas-mendoza.com/,United Kingdom,Networked national installation,1984,Newspapers / Journalism,4206
138,4BEaCCfEc62bbD7,Vaughan LLC,http://www.cantu.info/,Dominican Republic,Fundamental bifurcated support,2015,Banking / Mortgage,7755
139,c3C4eaDedDCaacb,Pitts Ltd,https://www.patrick-townsend.com/,Georgia,Adaptive system-worthy knowledgebase,1989,Public Relations / PR,2674
140,E3bE91a65f9A038,Drake LLC,http://mitchell-melton.com/,Vanuatu,Total modular intranet,1971,Restaurants,9615
141,Ee1ceD4ADDcb30b,"Mcguire, Ritter and Warren",http://ward.com/,Tunisia,Business-focused well-modulated initiative,2006,Events Services,3329
142,6E27b1769cc86dB,"Ware, Smith and Mendez",https://tucker-peck.com/,Vietnam,Reactive responsive archive,1997,Venture Capital / VC,8518
143,3aECBE853D893db,"Glenn, Savage and Ewing",https://www.guerra-gillespie.org/,French Southern Territories,Programmable actuating application,1981,Animation,6826
144,6b1Bbe5DfDAc090,"Townsend, Richmond and Underwood",http://www.christensen.com/,Congo,Intuitive multimedia monitoring,1973,Music,9915
145,4D17Fa0d985e0d7,"Mcpherson, Cameron and Whitehead",http://www.schneider.com/,Azerbaijan,Balanced zero tolerance extranet,1978,Wine / Spirits,5942
146,A1Fd7C8D8bD67aC,Gross-Duncan,http://haley.com/,Somalia,Quality-focused tangible product,2017,Cosmetics,723
147,C32b949fbEf9De1,Hutchinson-Leblanc,http://lamb-cameron.com/,Tuvalu,Advanced modular concept,2007,Wine / Spirits,1431
148,b4F29b10aEa87C4,Caldwell-Atkins,http://bryant.com/,Svalbard & Jan Mayen Islands,Advanced value-added data-warehouse,2000,Media Production,8706
149,27Eab75cE19c101,"Castro, Moses and Wolfe",https://lowery.com/,Antarctica (the territory South of 60 deg S),Customizable 24hour software,1997,Veterinary,2878
150,Bbd8aa10dDeb16B,Branch-Cross,https://www.cohen.com/,Guam,Secured asynchronous budgetary management,1990,Investment Banking / Venture,1228
151,ec1dDbcbd1c649F,"Chung, Patel and Moore",https://whitney-andrade.com/,Ecuador,Grass-roots scalable circuit,2008,Primary / Secondary Education,2928
152,1AEe77Abf8647f4,Castro-Mercer,http://merritt.com/,Jersey,Synergistic global leverage,1974,Industrial Automation,3308
153,93b4928C0CF88A7,Owens PLC,https://www.wall-carey.com/,Sudan,User-centric asymmetric system engine,2008,Legal Services,4343
154,F45eF42F481bEE8,"Goodwin, Callahan and Pratt",http://www.hahn.com/,Nauru,Innovative multi-state model,1998,Architecture / Planning,7808
155,334B91221694B23,Stephens Group,http://www.howe-hays.com/,Comoros,Vision-oriented discrete contingency,1983,Fundraising,953
156,d855ba47c73D08e,"Davies, Sloan and Ashley",https://www.george.org/,Malaysia,Progressive eco-centric migration,1989,Airlines / Aviation,4281
157,c36DC0a889fffC8,"Conner, Ferguson and Baxter",http://www.frank.com/,Tuvalu,User-centric user-facing migration,2016,Biotechnology / Greentech,3528
158,F7D126ABdBA0CB9,"Freeman, Robbins and Joseph",https://www.choi-mcmahon.com/,Falkland Islands (Malvinas),Re-engineered 24hour matrix,1993,International Affairs,7067
159,Da71cDD001e06d6,Orr-Joseph,http://www.dodson-gallagher.net/,Congo,Implemented composite implementation,2001,Textiles,4375
160,a376A6d71F1c36C,Mills-Humphrey,https://www.barker.info/,Brazil,Inverse optimizing architecture,2017,Luxury Goods / Jewelry,3778
161,Ef65aeBCdfBc7f2,"Cameron, Osborn and Pollard",http://www.frazier.info/,French Polynesia,Compatible zero tolerance hierarchy,2018,Mechanical or Industrial Engineering,2775
162,B73E7caC4Fae8fe,Young Inc,https://stout-schwartz.com/,Costa Rica,Automated logistical migration,2001,Computer Networking,3541
163,eec9cEbD4CdFD4E,Lam Group,http://koch.org/,Kazakhstan,Configurable 4thgeneration archive,2006,Broadcast Media,2760
164,907676d61B5FCE3,"Molina, Alexander and Reilly",https://conrad.com/,Svalbard & Jan Mayen Islands,Re-engineered multimedia capability,1993,Construction,765
165,badd0d0BceD2Ee2,Bush PLC,http://macdonald.org/,Taiwan,Versatile fault-tolerant open system,2016,Arts / Crafts,4505
166,a5E8ce5cF97c2AC,"Novak, Mcguire and Copeland",http://www.tate.com/,Chad,Vision-oriented even-keeled groupware,2011,Packaging / Containers,8128
167,c158808CA005a75,"Mullins, Cook and Webb",https://www.henson-farmer.com/,Lebanon,Synergized object-oriented circuit,1998,Entertainment / Movie Production,4556
168,d74C1a7b5F21EdF,Costa PLC,https://smith.com/,Somalia,Self-enabling 6thgeneration database,1982,Arts / Crafts,5077
169,a6Bc77d5cE07c7B,Parker Ltd,https://www.burch.org/,Christmas Island,User-friendly human-resource core,2009,Accounting,6947
170,ecbDde6BAAcE59e,Hickman LLC,http://www.bender.com/,Nigeria,Versatile interactive throughput,2011,Industrial Automation,1282
171,2bEBfED593D58cC,Horton Inc,https://hartman-poole.com/,Serbia,Reduced optimizing hub,2006,Food / Beverages,3599
172,924FC506bd20747,Perez Inc,http://barry.org/,Haiti,Enterprise-wide bandwidth-monitored workforce,2020,Paper / Forest Products,3215
173,3bc225574eaD26F,Lucero-Rodriguez,http://krueger.com/,Switzerland,Down-sized zero tolerance complexity,1976,Defense / Space,9625
174,8b6cbF8AC0c123e,Boyd Group,https://blair.info/,Moldova,Multi-channeled bandwidth-monitored system engine,1995,Medical Equipment,7344
175,522809bebBfcE43,Pollard LLC,http://www.paul-stein.com/,French Guiana,Cross-group zero tolerance info-mediaries,2013,Performing Arts,9329
176,B3eA88cB559EDd6,Mckay Group,http://baird.biz/,Indonesia,Phased empowering benchmark,2021,Consumer Electronics,2304
177,4b0Ff29BAc3B2FC,"Moran, Nichols and Kelly",http://irwin.com/,Solomon Islands,Adaptive tertiary data-warehouse,1970,Alternative Medicine,1124
178,55BedDB39244a34,"Franklin, Parsons and Mccoy",https://blackwell.info/,Mozambique,Stand-alone client-driven orchestration,2004,Textiles,6962
179,0b8D9a20E42358C,Alvarez LLC,http://www.yates-buck.com/,Seychelles,Digitized static orchestration,1973,Research Industry,5176
180,CCb6A3bcCCd8BD0,Ballard-Benjamin,https://www.torres.com/,Gambia,Future-proofed transitional initiative,1984,Consumer Electronics,1339
181,E7EF4829bE63DcB,"Byrd, Wallace and Bryan",http://moore.com/,Zimbabwe,Networked high-level forecast,1975,Package / Freight Delivery,5371
182,2CF1Cef7d253FD3,Hayden and Sons,https://kirk.com/,Norfolk Island,Open-architected eco-centric standardization,2013,Hospital / Health Care,8746
183,fb20B12fCf3f4Be,"Hicks, Hall and Hopkins",http://gilmore.net/,Benin,Upgradable dynamic knowledge user,1979,Writing / Editing,9652
184,E1DD58a2ceD2812,Koch Group,https://www.mendoza.com/,Croatia,Progressive upward-trending flexibility,1994,Government Relations,6847
185,9e8BDfEF88aa4e9,"Barajas, Hunt and Frye",http://www.richard.com/,Denmark,Versatile logistical monitoring,1980,Philanthropy,3233
186,6D359E1183d3849,Raymond-Rivers,https://avery.net/,Nicaragua,Public-key needs-based middleware,1995,Plastics,3836
187,529e8D003d34c28,"Newman, Medina and Luna",http://www.curtis.com/,Korea,Reduced logistical benchmark,1971,Think Tanks,876
188,2eaA3c5D6CC37B9,Schneider-Elliott,https://molina.com/,Bahamas,Synchronized zero administration core,2021,Supermarkets,7306
189,67eeACAbCfcCB6c,"Mays, Robles and Shah",https://myers.com/,Cambodia,Focused logistical project,1989,Chemicals,9666
190,EEf6db5cCece24A,Huynh and Sons,https://christian.com/,Swaziland,User-centric mission-critical knowledgebase,1993,Furniture,1359
191,4c99A0E9FF8ED03,Gonzales-Schneider,https://chavez.com/,Timor-Leste,Triple-buffered asymmetric structure,1989,Oil / Energy / Solar / Greentech,687
192,F8efFDd1fE6cfC0,Harding Inc,http://www.roach-best.net/,Pakistan,Profit-focused hybrid emulation,1986,Events Services,6891
193,21A92A2a6D4Faa2,Shelton PLC,https://medina.info/,Saudi Arabia,Multi-layered client-server Internet solution,1973,Food Production,9909
194,139AB569bdfCE4F,"Elliott, Hood and Estrada",https://www.harmon-bowers.com/,Ethiopia,Persistent even-keeled workforce,2014,Automotive,3493
195,4dbcfb13CF62f8F,"Ayers, Pierce and Vang",http://www.durham.com/,Bahamas,Profit-focused tertiary access,1974,Professional Training,6594
196,AbE6001BADABaEe,"Cardenas, Brown and Melton",http://garrison.biz/,Thailand,Front-line content-based hardware,1980,Hospitality,8328
197,aeec625Ffe6BbCC,Espinoza PLC,http://strickland.com/,Colombia,Horizontal hybrid groupware,1999,Construction,4441
198,6BaaCFac3AFCe96,"Levy, Carey and Carpenter",http://www.rasmussen.com/,Moldova,Reverse-engineered content-based complexity,2013,Real Estate / Mortgage,6334
199,dcFFb6BCB80bC16,Pugh-Sampson,http://chapman.com/,French Southern Territories,De-engineered bandwidth-monitored definition,1986,Wireless,9256
200,FBCcF9EFDf2a70d,"Fuller, Beasley and Rivas",https://www.manning.com/,Tajikistan,Vision-oriented object-oriented capability,1984,Mining / Metals,9432
201,D75feA9c63BB7D9,Galloway-Williamson,https://barrett.com/,Libyan Arab Jamahiriya,Upgradable attitude-oriented structure,1975,Animation,1512
202,EFcABc4Af8bae15,"Haney, Kirk and Cox",http://huynh.info/,Marshall Islands,Right-sized mobile definition,1985,Library,3975
203,9F63C73BE6A39E9,Michael and Sons,https://brennan-molina.com/,Austria,Multi-tiered 3rdgeneration system engine,1988,Museums / Institutions,3837
204,177D0EdE36a085F,Lara-Andrews,http://www.hood-holt.com/,United Arab Emirates,Assimilated heuristic initiative,1978,Fundraising,2354
205,ef8A4aF90cADcd0,Harvey Inc,https://www.mitchell.com/,Singapore,User-friendly exuding encoding,1998,Maritime,4256
206,9eEB46CbF04EEFF,"Beltran, Flores and Kelley",http://www.mcclain.org/,Argentina,Monitored optimal array,1970,Railroad Manufacture,1371
207,E3b3A0E923874Cf,Hall Group,http://choi.org/,Greenland,Persevering tertiary database,1982,Construction,5969
208,DC47da5dBD7F9a7,Rocha-Snyder,https://www.campos.org/,Guatemala,Focused zero-defect leverage,1986,Machinery,2008
209,4e32ECD9BDF968E,"Riley, Ortiz and Shelton",https://lewis.info/,Peru,Multi-layered 3rdgeneration database,1988,Consumer Electronics,597
210,f51c59F3DAAADA6,Keith-Mora,http://www.beck.com/,Uganda,Assimilated user-facing Graphic Interface,1976,Music,1555
211,D17135FB399dD4c,"Curry, Blake and Leblanc",https://www.cooke.com/,Cayman Islands,Right-sized homogeneous info-mediaries,1973,Think Tanks,2164
212,Df6AF24EE566F49,Olson-Mcconnell,http://www.christensen-norton.com/,Faroe Islands,Customer-focused local info-mediaries,1970,Medical Equipment,9170
213,Cc45CcF52feC2FE,Bowen Group,http://www.torres.biz/,Ecuador,Versatile motivating encoding,1980,Market Research,2179
214,78fCB64Cb9a9c40,"Choi, Daniels and Gay",https://www.haynes.com/,Holy See (Vatican City State),Persistent cohesive architecture,2004,Food / Beverages,3410
215,332c88B02C7AEEe,"Esparza, Jimenez and Hendrix",http://www.manning.org/,Ukraine,Diverse foreground Graphical User Interface,2003,Events Services,9709
216,a125F15e04631ca,Collins Group,https://www.paul-edwards.org/,Netherlands Antilles,User-centric systemic algorithm,2008,Internet,9616
217,cB1eC645CE8BBDA,Morrow Inc,https://montgomery.info/,Pakistan,De-engineered executive projection,2011,Government Administration,9434
218,3FC5f6509B65987,"Mercer, Arroyo and Camacho",https://salinas-oconnell.com/,Kyrgyz Republic,Innovative well-modulated productivity,2018,Higher Education / Acadamia,5253
219,95E2fc82Ca04a9b,"Escobar, Gilmore and Mahoney",http://www.carey.com/,Kazakhstan,Open-architected global Local Area Network,1988,International Trade / Development,5975
220,eD20C7efAAfe1F8,Garrett PLC,https://www.melendez-stuart.com/,Uruguay,Grass-roots multi-tasking leverage,1994,Medical Practice,4965
221,c9bf907FA593d45,"Owen, Hansen and Lynch",http://www.decker-erickson.info/,Venezuela,Versatile modular capability,1984,Entertainment / Movie Production,5331
222,9BA1b6d24a8fed9,"Mcdaniel, Cunningham and Buck",http://archer-acosta.com/,Uruguay,Future-proofed needs-based benchmark,2016,International Affairs,1346
223,Fde4aFfcEEE8F58,Livingston-Short,http://www.schaefer-skinner.com/,Bahamas,Total zero tolerance model,1973,Warehousing,6921
224,cA2BAEFAD32de2e,Woodard Group,http://bradshaw.com/,South Africa,Front-line neutral projection,1994,Ranching,1257
225,1F91dFC7BBeF29E,Hamilton LLC,http://www.stokes.com/,Germany,Organized bi-directional algorithm,2016,Mental Health Care,2495
226,bcA617ba0dAf547,"Alvarez, Mendoza and Trujillo",https://www.hebert-day.com/,United States Minor Outlying Islands,Innovative multimedia time-frame,1973,Packaging / Containers,3699
227,Af3B0dC3a779Eb5,Ayers LLC,https://gomez-conner.com/,Aruba,Customer-focused fault-tolerant Graphical User Interface,1971,Wholesale,7898
228,BFb54211e7fA5BD,"Sanchez, Berger and Richard",https://www.jacobs-barnes.com/,Switzerland,De-engineered object-oriented hub,1977,Translation / Localization,6443
229,47EBb7EAFe0b9B8,Clayton-Kelly,https://www.cole-williamson.net/,Kyrgyz Republic,Focused multi-tasking info-mediaries,2013,Writing / Editing,4691
230,d509f38bBE7cebd,Gibbs and Sons,http://www.vang.com/,Saint Martin,Innovative 24hour frame,2014,Arts / Crafts,3052
231,E7e0EfaACc8122d,"Copeland, Booth and Patrick",http://cox-mann.com/,China,Integrated systemic task-force,1975,Logistics / Procurement,1623
232,f73B358BF010f7F,Cross PLC,https://www.compton.com/,Brazil,Adaptive leadingedge website,1976,Government Relations,3101
233,27fbC78271f3Aa2,Chambers-Kemp,http://cooley-murphy.com/,Algeria,Visionary attitude-oriented analyzer,2021,Accounting,4288
234,8E5a824ceBDfc5e,Estrada-Leon,http://cannon.com/,Somalia,Profit-focused explicit projection,1973,Aviation / Aerospace,3615
235,bf6B5adDFD2cDf3,"Freeman, Cooke and Wright",http://collier.info/,Saint Pierre and Miquelon,Multi-lateral systematic projection,1997,Judiciary,3480
236,a0Fe365BEfc1AaB,Davis-Dillon,http://quinn.com/,Dominican Republic,Synergized next generation intranet,2007,Computer / Network Security,6607
237,83aEb458CdfADAd,Mccann-Huang,https://proctor-jenkins.com/,Uganda,Monitored 24/7 time-frame,1986,Military Industry,3652
238,dcaF3C5Ba029Ba8,Roberts Group,http://gamble-blake.com/,Somalia,Function-based even-keeled process improvement,2021,Individual / Family Services,8534
239,8F48CaB85Ee2DC5,Lynch Inc,https://www.tanner.com/,Jersey,Synchronized optimal open architecture,2011,Computer / Network Security,2050
240,5DBB0554Fd1CB13,Cohen LLC,http://giles.biz/,Saint Vincent and the Grenadines,Innovative systematic groupware,1983,Civic / Social Organization,8145
241,86AFFA2FDfe752A,Farley LLC,http://burns-bartlett.com/,United States Virgin Islands,Stand-alone local installation,2014,Judiciary,1055
242,a25cf29D5a04761,Larson LLC,https://buck.biz/,Lithuania,Synchronized global paradigm,2011,Animation,2759
243,de522D9F7c50309,Lyons-Meyer,https://www.lara-skinner.net/,Turks and Caicos Islands,Ameliorated zero tolerance portal,1999,Food Production,695
244,aa9C30fcadCD2e3,Conley PLC,http://www.clements-eaton.biz/,Lithuania,Business-focused human-resource ability,1970,Internet,3095
245,4DaEEda7Cbc40A1,"Serrano, Moses and Ho",https://serrano.info/,Kenya,Team-oriented well-modulated open system,1974,Nanotechnology,5247
246,CFFbc964C8c205D,Hernandez Ltd,http://todd.info/,Indonesia,Cloned tangible solution,2003,Environmental Services,795
247,f86DeCB73E533ee,"Hoover, Johns and French",https://www.ferrell.com/,Myanmar,Function-based heuristic help-desk,2015,Biotechnology / Greentech,5436
248,BbA52b87BB6A32f,King Inc,https://www.fry.org/,Afghanistan,Digitized attitude-oriented approach,1985,Apparel / Fashion,6819
249,72B67eeb42B2c4e,Mcclain Ltd,http://www.long.com/,United Kingdom,Innovative disintermediate hub,1993,Information Technology / IT,6001
250,B715731fa4a6CDB,"Rojas, Andrews and Odonnell",http://www.wells-harrison.org/,Algeria,Right-sized explicit migration,1981,Library,6429
251,2A129bbAA34269b,"Hoover, Mack and Larsen",https://www.franklin.biz/,Mauritius,Polarized fault-tolerant projection,1995,Civic / Social Organization,4502
252,ac205Ff97dE5F0d,Rosales-Armstrong,https://rollins-young.com/,Mexico,Customizable methodical function,2019,Building Materials,3362
253,fF4cDcD04BC0Da8,Newton LLC,https://www.sloan.info/,Belarus,Intuitive dynamic Local Area Network,1997,Mental Health Care,3886
254,D8D49e364C4Bc6D,Griffin-Bauer,http://www.moss.com/,Russian Federation,Synergized 24hour neural-net,1987,Security / Investigations,8587
255,6Be8A1EF720Fd32,Whitaker-Lara,https://buckley-mayo.com/,Azerbaijan,Persistent motivating project,1992,Glass / Ceramics / Concrete,8323
256,85c367eC9bd73CB,Arellano-Kemp,http://www.mcclure.com/,Saint Pierre and Miquelon,Horizontal clear-thinking info-mediaries,1971,Medical Equipment,1993
257,fec091eAcCA3Def,Henderson Group,https://www.krause-mcfarland.com/,Myanmar,Function-based global secured line,1992,Think Tanks,2553
258,94e7CCBaeE6E83A,Simon-Decker,https://www.cameron-mcdonald.com/,Israel,Self-enabling exuding open system,1976,Accounting,9686
259,CC5198A07DcfCFe,"Snyder, Gordon and Merritt",https://hale.info/,Malawi,Stand-alone tertiary frame,1982,Management Consulting,1982
260,a832Ebc6811Df1A,Ward-Cox,http://medina.com/,Barbados,Diverse mobile portal,2009,Facilities Services,2996
261,6De050494D4602b,"Mathis, Salazar and Ramsey",https://www.wiley-maynard.org/,Indonesia,Optimized homogeneous algorithm,1995,Dairy,2781
262,6E2Fa3d40FdfDEC,Hobbs-Johnston,http://www.proctor.com/,Guinea-Bissau,Multi-channeled uniform task-force,1994,Program Development,5840
263,D343b9db0563A4e,Hunter-Kane,http://petersen-heath.com/,Cook Islands,Secured intangible functionalities,2004,Individual / Family Services,346
264,f1D6ccC4fa590a1,Horn-Faulkner,https://irwin.com/,Slovenia,Triple-buffered attitude-oriented process improvement,2014,Medical Equipment,6495
265,F8D84D6DF09Ea0e,Singh-Pace,https://www.cruz-duffy.net/,Rwanda,Self-enabling human-resource utilization,1977,Broadcast Media,8318
266,1f8d1eb79aAD8e6,Moss Inc,http://barrett.com/,Grenada,Secured client-driven array,1997,Electrical / Electronic Manufacturing,48
267,F41FddfA46ad4b8,Tate Ltd,http://www.herrera.com/,Guatemala,Advanced analyzing middleware,1993,Staffing / Recruiting,4118
268,C8684B5670817Dc,Foster-Knapp,http://www.wolfe.com/,Uganda,Optimized foreground middleware,2010,Cosmetics,2413
269,9eF87fe5F8d0A16,"Hoffman, Castillo and Oneal",http://donaldson.com/,Namibia,Sharable foreground moderator,1985,Research Industry,2609
270,eB43Ce5CB105Fcc,Maddox-Novak,http://mcclure.com/,Costa Rica,Future-proofed asynchronous ability,2009,Warehousing,4031
271,bF3cbd862dd99e7,"Cordova, Huerta and Barry",https://www.hamilton.com/,Saint Martin,Enhanced bottom-line service-desk,1983,Research Industry,7118
272,30A079b41f85cf7,Horn-Blake,https://www.logan.org/,Hungary,Persistent eco-centric project,2017,Dairy,4156
273,Ae0e362b3A36abC,"Reynolds, Hays and Hampton",http://www.graves.com/,Niger,Exclusive disintermediate benchmark,2014,Semiconductors,3752
274,7c8753fDe02D1a1,Holloway LLC,https://gonzalez.com/,Malawi,Extended asynchronous moderator,2019,Investment Banking / Venture,561
275,8e07E6bABe4dAd5,"Kelley, Nash and Burns",http://elliott.com/,Saint Helena,Diverse 24hour hub,2002,Printing,2913
276,54FA48043aaaCD4,Jacobs-Sawyer,https://romero-gould.com/,Cape Verde,Phased system-worthy website,1993,Maritime,3118
277,e7e1d499c94d9dD,Russo-Cameron,https://vazquez.org/,Indonesia,Proactive analyzing knowledgebase,2012,Apparel / Fashion,5680
278,C7e63E490BDe0E4,Cain Group,http://www.waters-walker.info/,Niue,Cross-platform full-range project,1994,Supermarkets,9505
279,6F1CDBD6364d8c8,Shea-Peck,http://ramsey-camacho.com/,Saint Helena,Visionary directional attitude,2005,Alternative Medicine,8338
280,6426a5886e94bcd,Grimes PLC,http://www.manning.com/,Korea,Universal interactive standardization,2005,Civil Engineering,3070
281,136dd17EbFae94F,Hopkins-Wood,https://ayers.net/,Croatia,De-engineered reciprocal customer loyalty,1987,Pharmaceuticals,3160
282,Ff3AEca14f2b61b,"Hobbs, Evans and Holder",http://www.murillo.com/,Italy,Customizable explicit flexibility,2001,Aviation / Aerospace,8461
283,00B6a6Fdc035Ff3,Fletcher PLC,https://www.shepard.com/,Grenada,Configurable transitional benchmark,1993,Logistics / Procurement,5184
284,AACAdFaD1365DA3,Macias-Roth,http://buckley.com/,Hungary,Realigned empowering service-desk,1988,Defense / Space,6796
285,ab2BFeC96f40b9b,"Guerra, Mays and Alvarado",http://www.wilkins.net/,India,Implemented 24hour orchestration,2019,Fine Art,1971
286,5E2BB2DAcE9511e,Whitaker Group,https://koch-andrews.com/,Chad,Open-source zero administration approach,2005,Computer Software / Engineering,7007
287,A4fECc8Bb7afF7B,Fritz Ltd,http://padilla-morales.net/,Kazakhstan,De-engineered intangible protocol,1975,Graphic Design / Web Design,7020
288,bcAaC3ADb10bF1C,Knapp-Maldonado,https://www.kennedy.com/,Christmas Island,Cross-group national circuit,2013,E - Learning,6143
289,a0bbB5aB97FE257,Robinson PLC,https://www.manning-barron.com/,Canada,Function-based analyzing benchmark,2003,Broadcast Media,1310
290,081ABB2Bd2ebFD7,Adkins-Walters,https://www.hernandez-allison.net/,Malawi,Multi-channeled homogeneous moratorium,1994,Sports,1790
291,E7A2a45EfbCcD6A,Wu-Murray,https://www.guerrero.com/,Pitcairn Islands,User-centric 24/7 encoding,2008,Veterinary,728
292,22F15Be620aA6aE,Foster Inc,http://mcpherson-ray.com/,France,Enterprise-wide well-modulated parallelism,1981,Legislative Office,7348
293,A6A0DffaC6DcEca,"Arellano, Moran and Conway",http://www.cisneros.org/,Papua New Guinea,Configurable intermediate customer loyalty,1976,Food / Beverages,4941
294,e3B672feED6ECbA,Todd-Mccarty,http://www.bradford.com/,Guinea-Bissau,Upgradable intangible application,1984,Performing Arts,1416
295,C9dBFbFffFeF44C,Lee-Marks,http://www.york-stuart.biz/,Costa Rica,Vision-oriented object-oriented info-mediaries,1985,Marketing / Advertising / Sales,3511
296,c17dD0331Dc1cFC,"Watkins, Russo and Henry",https://www.coffey.biz/,Turkmenistan,Seamless dedicated application,2015,Real Estate / Mortgage,2401
297,F4Ba33FaAE5Dcc6,Dixon Inc,https://esparza.com/,Guinea-Bissau,Cross-platform radical help-desk,2013,Utilities,7607
298,a4FF0d1bed7Ad9f,Watkins Group,http://walker.com/,Guernsey,Realigned methodical conglomeration,2005,Mental Health Care,9013
299,a8fd24e2Bb7d0fD,Kirk-Moody,https://oneal-avery.com/,Cameroon,Operative solution-oriented process improvement,1971,Government Administration,4110
300,fDCCeeFfaC73497,Larson Ltd,https://chandler.info/,Gabon,Function-based tertiary superstructure,2014,Wireless,5197
301,05BbFBDA2aD8E1a,Perez Group,http://harper.com/,Comoros,Devolved empowering complexity,2007,Wine / Spirits,8889
302,8ae1CfdE8B9d2fe,Charles Inc,https://matthews.info/,New Zealand,Digitized client-driven concept,2011,Utilities,7014
303,18640d896C7CBfA,Green-Frye,http://mcfarland.biz/,Uzbekistan,Customizable directional monitoring,2011,Computer Networking,7776
304,b81Ea4bD32537CF,Banks PLC,https://www.clark.com/,Greece,Down-sized optimizing workforce,2003,Machinery,7919
305,CCD85e8579f9c7E,"Hood, Evans and Waters",https://www.lowery.com/,Austria,Cloned bottom-line circuit,2006,Medical Equipment,6998
306,9dbC7aDCc0aa5cd,Roberson-Bailey,http://www.pennington-graves.net/,Maldives,Customer-focused analyzing neural-net,2006,Political Organization,4131
307,c5a29a5D184A255,Hurley-Marquez,http://www.nicholson.com/,Sudan,Versatile modular Local Area Network,2017,Telecommunications,3313
308,EaF5Ae0FCBCB4dD,Macdonald PLC,http://www.huffman.com/,Ethiopia,Progressive hybrid complexity,1975,Events Services,6603
309,7FDEEff01a742DE,Salas and Sons,http://patrick.com/,Iran,Visionary scalable parallelism,1991,Food Production,2668
310,e9bebD37bfEE7BB,"Howe, Byrd and Owens",https://warner-mcconnell.com/,Australia,Pre-emptive reciprocal application,2010,Financial Services,7597
311,DF8e88CfabC1f3d,Acosta-Lam,http://www.pugh.biz/,Finland,Front-line maximized task-force,1991,Oil / Energy / Solar / Greentech,4437
312,F32aed40d49dE04,Crane PLC,https://gregory.biz/,Gibraltar,Automated content-based extranet,2015,Information Services,6357
313,232421dDBa377D2,"English, Oneal and Savage",https://www.parker.net/,Nicaragua,Multi-layered actuating toolset,1989,Dairy,3209
314,bf25c5b234e77B3,"Carey, Moss and Bolton",https://pena-krueger.com/,Timor-Leste,De-engineered human-resource utilization,2020,Graphic Design / Web Design,2613
315,99EB2cd1DD8BA61,Caldwell Ltd,https://hudson-blair.org/,Tonga,Distributed 24/7 functionalities,1978,Entertainment / Movie Production,5260
316,5ddEF3d40fd0dd5,Maddox Ltd,https://www.cox.org/,Malawi,Advanced contextually-based task-force,2011,Individual / Family Services,5972
317,47344A0D7deD6A5,Byrd Inc,https://massey-holder.com/,Jordan,Mandatory multi-state circuit,2016,Computer Games,3182
318,71D0fABEF420aC6,Williams-Pennington,https://www.short-strong.com/,Greenland,Profit-focused fault-tolerant database,1972,Packaging / Containers,4484
319,EbcdB3f8D9Ac4a0,"Schaefer, Graham and Valdez",https://www.ochoa.net/,United Arab Emirates,Ameliorated 24/7 monitoring,2010,Chemicals,1681
320,53Dc3Cb36Be137a,Oconnell-Ponce,https://www.pitts.com/,Uzbekistan,Inverse interactive task-force,1999,Alternative Dispute Resolution,6702
321,2dc933BD78EfECA,Schroeder LLC,https://case-jacobson.org/,Kenya,Innovative web-enabled application,1979,Transportation,1185
322,231DABce88aD4eD,Horn-Pace,http://bernard-trujillo.biz/,Vanuatu,Future-proofed system-worthy hub,1998,Outsourcing / Offshoring,6162
323,7AAa6F43E615F0F,Donovan-Carson,http://simpson-herring.com/,Pakistan,Re-engineered explicit approach,2013,Human Resources / HR,7498
324,be58dba10FE0F9f,Pittman-Buchanan,http://www.hardy.com/,United States of America,Organic motivating complexity,1988,Farming,3610
325,9e0F10eDFBeCFa7,"Bridges, Velez and Rivera",http://www.obrien-branch.biz/,New Zealand,Organic upward-trending database,1993,Media Production,8480
326,6F442E8596b4B4e,Michael-Lee,https://www.trevino.com/,Andorra,Down-sized dynamic core,2004,Law Practice / Law Firms,8506
327,0D2d0dC2ddb267C,Alvarado-Anthony,http://www.perry-mcgee.com/,Cape Verde,Down-sized interactive core,1978,Outsourcing / Offshoring,28
328,d8Ec443ba5419A7,"Dunlap, Mccullough and Pittman",http://www.paul.com/,Israel,Up-sized needs-based extranet,2014,Dairy,8217
329,A9BD11dd18Efe77,Petty Ltd,https://berg.org/,Sao Tome and Principe,Future-proofed non-volatile open architecture,2013,Business Supplies / Equipment,7455
330,D9Df1ddb55CEd8b,"Flowers, Levy and Wallace",http://mosley.biz/,United States Minor Outlying Islands,Profound needs-based hub,1976,Chemicals,1831
331,43BA3b8ac463B8b,Brooks Inc,https://www.greene-beasley.com/,Spain,Open-architected 24/7 process improvement,1976,Medical Equipment,4320
332,487110e58a9b49f,Hanna PLC,https://www.navarro.com/,French Southern Territories,Multi-channeled maximized circuit,1987,Sports,7806
333,5A3d438BD544b85,Thompson Ltd,http://www.berry.com/,Andorra,Extended 24/7 focus group,1980,Chemicals,6676
334,c477DFE441Aa317,Hendricks PLC,https://lyons.info/,Grenada,Devolved uniform analyzer,1981,Defense / Space,4680
335,bF0EbcA305EfBe4,Houston-Ayala,https://burns.com/,Anguilla,Ameliorated high-level adapter,2020,Legislative Office,4704
336,f58be3967e3FA62,Palmer-Stokes,https://nelson.com/,Denmark,Devolved neutral approach,2016,Civic / Social Organization,3242
337,1d1a0fBb82A912B,Avila-Nelson,http://quinn-hammond.com/,Lesotho,Implemented empowering solution,2012,Cosmetics,2235
338,f331451EebE6A36,Bird and Sons,http://kramer.com/,Nepal,Enterprise-wide secondary data-warehouse,1977,Biotechnology / Greentech,7050
339,5BaCE1cFEFB3274,"York, Harding and Huerta",https://www.jennings-wade.info/,Vietnam,Virtual methodical conglomeration,2021,Public Relations / PR,6532
340,F7Adb3A0E3553df,Graham Ltd,http://stewart-tyler.org/,Greece,Synchronized bifurcated capability,1979,Logistics / Procurement,5786
341,Cc06c8c9ac5d4DB,"Dunlap, Moss and Dixon",http://harding.com/,Estonia,Optional disintermediate frame,1976,Information Services,2874
342,7afc73041E58Cc5,Norman-Hoffman,https://www.quinn.biz/,Yemen,Universal uniform task-force,2016,Banking / Mortgage,2080
343,61ff50b0CaEcE58,Allison PLC,http://cisneros.com/,France,Intuitive explicit pricing structure,1993,Maritime,1545
344,51AcF1269e194E8,Parrish Group,http://www.wright.com/,British Indian Ocean Territory (Chagos Archipelago),Persevering incremental contingency,2019,Hospital / Health Care,1
345,073cF1eFaADA57a,Gardner Ltd,https://barnes-reynolds.com/,Bahrain,Enterprise-wide asymmetric customer loyalty,1970,Religious Institutions,3702
346,6C5ccdEf7e39310,Everett-Frederick,https://www.wong.info/,Palau,Stand-alone web-enabled utilization,2002,Executive Office,5890
347,1df847ecdc9E6c8,Kaiser-Newman,https://www.faulkner.com/,Wallis and Futuna,Ergonomic hybrid core,1990,Wireless,8323
348,efFe2cB0Aacfdfb,"Morris, Villegas and English",http://www.stephenson.com/,Kenya,Multi-channeled cohesive moderator,2021,Sporting Goods,9089
349,fe77Df31b8681a9,"Nichols, Dawson and Holloway",http://cochran-obrien.info/,Uruguay,Phased heuristic Graphic Interface,2009,Venture Capital / VC,2198
350,ceAb4db1CaD0ADf,Sharp and Sons,https://www.collier.com/,China,Organic neutral infrastructure,2010,Investment Management / Hedge Fund / Private Equity,2828
351,a0F2dE6c4fedEee,Mann PLC,https://www.chase.biz/,Palau,Secured local knowledge user,1995,Food Production,5799
352,a5a4bbCb9221Beb,House-Mueller,http://www.bradford-marks.com/,Mayotte,Vision-oriented bandwidth-monitored utilization,2015,Printing,1859
353,446B3aD08A2FfDd,"Bright, Randolph and Romero",https://www.washington.com/,Namibia,Face-to-face non-volatile approach,1987,Sporting Goods,1904
354,680DCa425Fdbb9b,Howe Group,https://www.foster.net/,Lesotho,Proactive homogeneous project,1987,Newspapers / Journalism,2895
355,cDFbAbdD3Ae5Ca1,Mills-Clements,https://newton.com/,Kenya,Right-sized responsive hardware,1988,Public Relations / PR,8674
356,f6CfeBBa4ACd3CA,Edwards Ltd,http://www.davidson-freeman.org/,Ghana,Universal systemic intranet,1997,Military Industry,5943
357,b943Aa9d8d33575,Dougherty-Tate,http://pace.org/,Honduras,Optimized fault-tolerant infrastructure,1991,Food Production,8318
358,E0D3F8BaE7a2fF1,Hill-Ramirez,https://www.adams.com/,Niue,Compatible intangible productivity,2013,Veterinary,4736
359,Ee6AF2E2fc5dc3b,"Frost, Zimmerman and Vargas",https://www.harding-carter.biz/,Macedonia,Programmable empowering info-mediaries,1978,Events Services,4953
360,BeD4cE44B1e9ab6,"Conway, Case and Rowland",https://www.livingston.com/,Vanuatu,Customizable bi-directional conglomeration,1983,Investment Banking / Venture,3026
361,40A8FB50DeC2fcB,Combs-Romero,https://www.fry.com/,Suriname,Persevering demand-driven moratorium,2019,Computer / Network Security,7903
362,DFa6B1Cf6FFbddC,Mccall-Flowers,http://www.mathis-rowland.net/,France,Seamless foreground encoding,2013,Sports,4243
363,4fe8c3aAfEA8d46,"Hart, Kent and Hurley",https://www.beasley.com/,Timor-Leste,Upgradable holistic methodology,2010,Media Production,2836
364,33f55BF31E1fD3B,Curry Group,https://www.kaufman.com/,Monaco,Managed directional paradigm,1978,Paper / Forest Products,2190
365,19d7dE485e79Df6,"Hinton, Lucero and Hancock",http://www.black-rojas.com/,Cameroon,Fully-configurable discrete definition,2003,Medical Equipment,5594
366,4F0Ce0D87b8de03,Daniels Ltd,https://collier.com/,Togo,Advanced zero tolerance policy,2000,Mining / Metals,7702
367,3ED7b5F7C7F2bFe,Cline Inc,https://randolph.com/,Argentina,Enhanced exuding parallelism,2009,Translation / Localization,8887
368,4DeD9e3fF968e7C,Guerrero Group,https://morse.com/,Azerbaijan,Down-sized disintermediate core,2014,Civil Engineering,3313
369,2c676BfB58d9907,"Humphrey, Holloway and Lutz",https://www.oneill.org/,Gabon,Managed homogeneous instruction set,1982,Museums / Institutions,1419
370,f8a35a4b5d7B2C1,"Best, Mckay and Guerrero",http://andrade.com/,Chad,Enterprise-wide encompassing Graphical User Interface,2020,Building Materials,871
371,5B0626bfA0EcbE4,"Ayers, Andrews and Branch",http://www.terrell-wood.com/,Ukraine,Secured transitional support,2009,Online Publishing,934
372,0B19F0056c68E6F,Holland Group,https://oliver-figueroa.com/,Estonia,Centralized bandwidth-monitored knowledgebase,1979,Paper / Forest Products,7664
373,9dCfc8838153DfD,Saunders-Fitzgerald,http://banks.com/,Zimbabwe,Cloned solution-oriented utilization,1979,Think Tanks,6956
374,d53bb1Ce57423fC,Walls-Guerra,https://www.harper.com/,Ukraine,Configurable high-level definition,1999,Textiles,5701
375,E35517078fc19db,Kline-Sampson,https://dillon.com/,Guam,Realigned real-time success,1973,Arts / Crafts,2185
376,7b246DE0ba52435,"Moyer, Miranda and Fleming",http://finley.com/,Sierra Leone,Reverse-engineered asynchronous open architecture,2019,Staffing / Recruiting,3482
377,baDce4b6B7E6eCf,Mcmahon PLC,https://www.brock.com/,Haiti,Stand-alone modular model,2012,Automotive,8491
378,cBbb2861C47E17d,Mendoza PLC,http://rodgers.com/,Kiribati,Cross-platform tertiary open system,1986,Telecommunications,4233
379,b8CF10dF1624bd1,"Byrd, Baker and Walsh",http://snow-reynolds.net/,Nigeria,Distributed asynchronous standardization,2005,Facilities Services,1786
380,a7D5585Efe783de,Wagner-Lawrence,http://cline.biz/,Denmark,Seamless executive flexibility,1976,Law Practice / Law Firms,5799
381,B6cF3a0fe2A5acD,Tate PLC,http://www.fuentes-morgan.info/,Georgia,Synchronized discrete challenge,2020,Machinery,9286
382,0d0C11AFF8A6A8C,Moyer-Benson,http://ramirez.com/,Zambia,Managed systemic interface,1985,Wireless,6993
383,7E80E8b87d21c15,"Rush, Wilson and Vaughan",http://bass.com/,Moldova,Implemented encompassing help-desk,1974,Food / Beverages,168
384,F9799bdF7EbbD2f,"Mayer, Rios and Dunn",https://jacobson-bowman.org/,Tonga,Centralized exuding pricing structure,1981,Wireless,2170
385,F6a45A94F830C9c,Ramos Group,https://www.moses.com/,Suriname,Ergonomic intangible leverage,1997,Wireless,8627
386,60a7985F64aCbAf,Dickerson-Taylor,http://www.steele.com/,Cape Verde,Upgradable multi-state middleware,1981,Venture Capital / VC,4679
387,bdEfE00e9e5a235,"Roth, Rojas and Mora",https://villarreal.com/,Mauritania,Virtual uniform open system,2007,Law Practice / Law Firms,7262
388,EDC90b41FFaa6dE,Vaughn-Tran,https://www.singleton.com/,Serbia,Compatible static conglomeration,1976,Online Publishing,1018
389,854fEBD0bbaCfE4,Williams Group,http://richardson.org/,Micronesia,Intuitive optimal methodology,1975,Consumer Goods,3327
390,3A3d7C279Ef39ed,"Parsons, Bishop and Joseph",https://www.arellano.com/,Colombia,User-friendly bottom-line portal,2014,Shipbuilding,6864
391,ea29baFAc0Fd400,Thornton-Houston,http://yates.com/,Honduras,Down-sized 24hour emulation,1983,Publishing Industry,6436
392,20BE40d7d2FBbff,Waller-Baker,https://www.valentine.net/,Saint Helena,Advanced tertiary architecture,2017,Printing,2468
393,acc4b161ae09e3E,Kerr PLC,https://reese.biz/,Germany,Persevering cohesive intranet,1993,Animation,7096
394,c48FebCF2558deC,"David, Whitaker and Sweeney",http://www.roach-conner.com/,Lao People's Democratic Republic,Compatible fresh-thinking framework,1972,Law Enforcement,3123
395,4726122456a714a,"Levine, Buchanan and Lara",http://www.golden.org/,Romania,Enterprise-wide intangible extranet,1971,Shipbuilding,38
396,a83B7d8ed965d17,"Rocha, Henson and Gutierrez",http://mendoza.com/,Germany,Inverse human-resource groupware,1986,Library,3842
397,fFc3F01B082eDdB,"Crosby, Villa and Rich",https://bauer-vang.net/,United States Minor Outlying Islands,Synergized cohesive forecast,2004,Renewables / Environment,3686
398,eCB7Aae9A6cB36D,Skinner PLC,https://spears.com/,Anguilla,Front-line next generation algorithm,2006,Legal Services,485
399,ea75cD979Ec705F,Bowen-Shaw,https://www.shannon.com/,Cook Islands,Vision-oriented mobile interface,1987,Medical Equipment,1243
400,f6CEfe6cBEaF3A2,"Graves, Hogan and Bryan",https://www.sanders-obrien.info/,Puerto Rico,Seamless asynchronous data-warehouse,1982,Dairy,2856
401,fBE5c3EC42Ef478,George-Ramirez,http://winters.biz/,Mexico,User-friendly multimedia encoding,2018,International Trade / Development,522
402,2A254Fb0Ad525E6,Schroeder-Powell,http://bradshaw.net/,Uruguay,User-centric actuating collaboration,1998,Facilities Services,8061
403,6e55eBc25779EC5,"Trevino, Lawson and Avila",http://www.solomon.com/,Philippines,Right-sized executive data-warehouse,1992,Package / Freight Delivery,4201
404,c2Ac9Fb81bBfCFd,Duarte-Boone,http://www.gibbs-petersen.com/,Sierra Leone,Expanded mission-critical standardization,2010,Gambling / Casinos,1363
405,246d8De4cadAdea,Jacobson Inc,https://love-horton.com/,Peru,Fundamental 3rdgeneration website,2016,Broadcast Media,451
406,813f5339Ad1cf6e,Sparks-Savage,http://sanchez.info/,Macao,Enhanced systemic conglomeration,1995,Electrical / Electronic Manufacturing,9288
407,eb4bF3473a5AfB6,Herring-Kline,https://www.gross.com/,Solomon Islands,Compatible hybrid functionalities,2006,Consumer Services,2983
408,3a4Fd31d16d2A42,Garner-Hoover,https://www.armstrong-burch.com/,Indonesia,Fundamental 4thgeneration productivity,1981,Information Services,6405
409,EBdCEAf8b6B2fb5,Schaefer Ltd,http://www.underwood.com/,British Indian Ocean Territory (Chagos Archipelago),Managed national product,1983,Leisure / Travel,5199
410,8bBC7a4bA6388F6,"Peters, Booker and Ramirez",http://www.mcdowell.com/,Korea,Cross-group executive database,1976,Newspapers / Journalism,4559
411,eE2D54F3Ad9c126,Cantrell-Glover,https://www.lowe-andrade.com/,Aruba,Reduced foreground firmware,1970,Facilities Services,313
412,4359C6b7533Ebf9,Trujillo-Copeland,https://www.brennan.com/,Taiwan,Diverse responsive implementation,2009,Shipbuilding,2258
413,F932fE8fc8bdBB5,Acosta LLC,http://macias.com/,Egypt,Synergized mission-critical alliance,1987,Maritime,2378
414,e80c7A5efCd4FAd,Romero Ltd,http://fuller-schmidt.com/,Montserrat,Synergized exuding neural-net,2021,Glass / Ceramics / Concrete,4366
415,C9d4Fb3bEBd10bc,Esparza Inc,https://crawford.com/,Isle of Man,Customizable bi-directional emulation,1973,Government Relations,9246
416,DB6109ab9Fff8f4,Richard-Conway,https://www.cisneros.com/,Lao People's Democratic Republic,Switchable transitional toolset,1988,Fundraising,9510
417,64D0598e6f89c12,"Santiago, Colon and Castaneda",http://hobbs-hull.com/,Iraq,Function-based systematic structure,1972,Other Industry,4864
418,aB6fB6DaBbeFBcd,"Holloway, Kaufman and Cross",https://floyd.com/,United States Minor Outlying Islands,Vision-oriented client-driven hub,1976,Arts / Crafts,9728
419,899bB7fFb24dB4f,Ward-Hull,http://www.rich-cuevas.net/,Nigeria,Implemented didactic circuit,1992,Legislative Office,1820
420,fA6F5FdDe1fA676,"Gamble, Golden and Bauer",http://www.mooney-dunlap.com/,Yemen,Intuitive uniform monitoring,2004,Veterinary,123
421,8a3f4C30964e1Af,Small-Peters,http://www.graham-vazquez.com/,Russian Federation,Total mission-critical monitoring,1970,Computer Hardware,9212
422,d91eC733ad5eEdA,Zamora-Bryan,http://www.reid.com/,Seychelles,Face-to-face tertiary installation,1997,Food / Beverages,5592
423,b652ddF7A4E3DDc,Fisher-Golden,http://www.cuevas-warner.info/,Myanmar,Quality-focused intangible matrix,2003,Medical Practice,3274
424,cdc1aF831afDf88,"Ellis, Gutierrez and Bush",http://www.cantrell.com/,Papua New Guinea,Managed human-resource core,2013,Real Estate / Mortgage,4414
425,e4ECA9070d0ffad,"Bray, Boyle and Morrison",http://warner.org/,Tunisia,Multi-layered tangible framework,1978,Investment Banking / Venture,6353
426,10F36ADe6f82dFE,Osborn-Howard,https://singh-gibbs.com/,Liberia,Inverse optimal core,1999,Newspapers / Journalism,1133
427,b9c3c546ef12386,"Rollins, Hoffman and Bender",https://www.mccullough-herring.com/,Niger,Configurable national flexibility,1992,Library,5599
428,D253B3cEE134fed,Gallagher-Patel,https://welch-pitts.com/,Central African Republic,Operative disintermediate frame,1984,Computer / Network Security,9633
429,2aA7CEfa23acc4b,"Jarvis, Patrick and Farmer",http://gonzales.com/,Sri Lanka,Persevering context-sensitive capacity,1987,Warehousing,7563
430,3C6fd0d86E7BAAF,Smith-Terrell,http://www.fowler.com/,Cameroon,User-centric tangible contingency,2003,Mental Health Care,404
431,ed8ABDCda9dd862,"Esparza, Lyons and Diaz",http://durham.com/,Botswana,Total homogeneous standardization,1976,Library,9231
432,8AEc5b28dEfbCc6,Nichols-Maynard,http://www.walter-parrish.com/,Martinique,Reverse-engineered local infrastructure,1977,Photography,779
433,Ba4Ed05a7e04feC,"Mcintyre, Williams and Gray",http://bass.com/,Germany,Self-enabling asynchronous budgetary management,2012,Industrial Automation,6366
434,b9Be4Fc8E2579F8,Sexton Ltd,https://dunn.com/,Tajikistan,Up-sized leadingedge info-mediaries,1984,Environmental Services,3590
435,c7E8Caa3fe0ea9C,Wilson-Garrett,https://benjamin.com/,Denmark,Advanced bifurcated database,1975,Photography,3238
436,DfFd5cb3C19FA22,Finley-Sloan,https://www.marsh.org/,Bangladesh,Self-enabling bi-directional parallelism,2013,Graphic Design / Web Design,5042
437,ecDdb1DbF500Ec1,"Moon, Hendrix and Morton",http://www.donovan-mcmillan.com/,Sao Tome and Principe,Configurable contextually-based process improvement,2009,Fishery,2131
438,1A1B5789e3EaeBe,Finley Ltd,http://www.medina.com/,Portugal,Triple-buffered web-enabled complexity,2000,Recreational Facilities / Services,728
439,F332EbdbF6EDEa1,Rojas-Castro,https://www.mcdonald.com/,Saint Martin,Expanded bi-directional definition,1981,Construction,8201
440,Ac3Ce792fadCd5f,Wang-Holloway,https://www.hendrix.net/,Germany,Business-focused mobile hardware,1992,Computer Games,4447
441,ACC61A49398bDD4,Collier-Howe,http://pratt.com/,American Samoa,Polarized high-level complexity,1972,Education Management,1416
442,0daFfd6b62b2Ddc,Wilkins-Bright,https://moody.biz/,Philippines,Universal uniform structure,1979,Restaurants,751
443,57A23e8bcf9d340,Larson and Sons,http://www.braun.com/,Jersey,Pre-emptive disintermediate flexibility,1970,Real Estate / Mortgage,3786
444,537fDeebAeE6bC4,"Davidson, Church and Sutton",http://www.shaffer-pollard.com/,Yemen,Total actuating artificial intelligence,1984,Maritime,9719
445,E5De6aCBD50d1B0,"Olsen, Oneal and Benton",https://www.perez.net/,Maldives,Triple-buffered asynchronous extranet,1983,International Affairs,6078
446,12a9BcA2E517Fb3,Lin-Weiss,https://www.coleman-lam.net/,Luxembourg,Fully-configurable web-enabled encryption,1976,Cosmetics,2363
447,eDBDABFD62CBea7,"Clements, Hahn and Stark",https://richards.com/,Cambodia,Streamlined mission-critical leverage,1975,Hospitality,7663
448,4F223d5C80A096D,Huang-Ochoa,http://www.rosales.com/,Guadeloupe,Automated explicit benchmark,2008,Apparel / Fashion,6839
449,b9f7DCE0f4F1aB4,Garza-Obrien,http://www.page.com/,Nepal,Enhanced 4thgeneration emulation,2014,Machinery,1137
450,9C9AD5abae300F4,"Lin, Rasmussen and Graves",http://www.evans-graham.com/,Bahrain,Future-proofed 24hour access,1997,Business Supplies / Equipment,6903
451,A66737cE0cCb2c6,Huerta PLC,https://www.byrd.org/,Gambia,Operative fault-tolerant alliance,1970,Dairy,4337
452,a0d87f09Fb9d6D4,Lawson Ltd,http://www.tanner-bolton.com/,Mauritius,Public-key national concept,1985,Machinery,4988
453,B35CAaaA264f0AF,"Bond, Snyder and Dixon",http://farmer.org/,Saint Pierre and Miquelon,Open-architected 3rdgeneration pricing structure,2018,Individual / Family Services,9271
454,dcBFdC5B5ef0C20,"Galvan, Clarke and Murray",https://hutchinson.net/,Eritrea,Cross-group 5thgeneration productivity,2005,Performing Arts,8788
455,c357e7EceE0Ec17,"Jordan, Duffy and Guzman",http://www.richmond.com/,Italy,Persevering needs-based knowledgebase,1974,Hospital / Health Care,5201
456,51Ccd5cdfdbA968,Morrison-Ramos,http://www.ray-johnson.info/,Korea,Synergized bi-directional algorithm,1988,Consumer Services,1587
457,D2Ec908Ab8c0c38,Good-Macias,http://lawrence.org/,Nigeria,Multi-layered bandwidth-monitored hierarchy,2014,Dairy,3744
458,9aCCDfeAF7b9Fd7,"Wade, Walls and Maynard",https://www.meyer.com/,Uruguay,Ameliorated neutral monitoring,1997,Alternative Medicine,317
459,c752f7a2f5cc75d,Sexton-Meza,http://ryan-hurley.com/,Tonga,Self-enabling foreground parallelism,2021,Automotive,4820
460,Bed9fEADDC70a6c,Singh-Bartlett,https://www.forbes-joyce.com/,Slovenia,Digitized optimizing time-frame,1988,Wireless,866
461,C7AFe1E7295d09a,Roth and Sons,http://durham.com/,Angola,Visionary heuristic throughput,1994,Computer Hardware,311
462,2402eCd89B5E16D,"Velazquez, Brewer and Mahoney",http://www.mack-doyle.com/,Haiti,Synergistic upward-trending installation,2004,Performing Arts,3884
463,5fdD9eeCDb02e0f,"Tucker, Hartman and Mathews",http://www.galloway.net/,Oman,Phased dedicated success,1982,Restaurants,9088
464,EFDcb0cbCDD1AAa,Patrick LLC,http://www.huerta.com/,United States of America,Managed intermediate pricing structure,1997,Facilities Services,7948
465,9e9d7dd6fC1dbc5,Hubbard-Clements,https://pollard-davidson.info/,Slovenia,Virtual demand-driven complexity,2015,Warehousing,1787
466,A5c4BeADeDD7Bb4,"Bradford, Joyce and Pennington",https://swanson.com/,Niger,Intuitive multimedia superstructure,2010,Law Practice / Law Firms,4823
467,2FaB6dAd4AfE024,Marquez-Blankenship,https://nolan.net/,American Samoa,Self-enabling optimal adapter,1989,Warehousing,8562
468,5D0c0f0adBFA445,"Aguirre, Hicks and Garrison",http://www.figueroa.biz/,Nepal,Fully-configurable zero-defect frame,1990,Library,4851
469,dc3eabeb28FCfE2,"Daniel, Mcintosh and Dickson",https://www.austin-richards.com/,Netherlands,Distributed next generation algorithm,2002,Library,1201
470,f03861dC4857c02,"Frost, Hebert and Rojas",https://harrell.info/,Sao Tome and Principe,Proactive bottom-line initiative,2008,Plastics,2521
471,65D404Ef2f8c294,Bradford and Sons,http://www.knapp-randolph.org/,Suriname,Managed upward-trending encryption,2010,Veterinary,622
472,a1C2B67b5A01adf,Boyd LLC,https://herrera.com/,American Samoa,Open-architected multi-tasking functionalities,1975,Luxury Goods / Jewelry,159
473,b419bFbDf7cEb25,Cooke-Mcgee,http://www.woodard-beck.net/,Germany,Polarized high-level service-desk,2014,Music,3064
474,F1d537929fa45ad,Mcconnell-Schroeder,https://kirby-weber.info/,Ecuador,Integrated 24hour forecast,2009,Primary / Secondary Education,4884
475,B25FFE2fdBC55d1,Sampson-Copeland,https://west.com/,Bouvet Island (Bouvetoya),Networked leadingedge concept,2015,Marketing / Advertising / Sales,3811
476,ED8dE6F5F3a97DB,Livingston Ltd,https://www.holt.biz/,Korea,Face-to-face full-range contingency,1994,Hospitality,5395
477,5B77F60C3Cc6ae6,"Barnett, Ho and Shah",http://www.joyce-ochoa.com/,Belgium,Cross-group user-facing middleware,1983,Information Services,5971
478,F3dA775Bab0f1f7,Wise-Valenzuela,http://allen.com/,Guadeloupe,Quality-focused cohesive website,1991,Chemicals,3269
479,a42dEAFEEFCD41F,Shields LLC,https://www.villarreal.info/,Saudi Arabia,Decentralized real-time utilization,2005,Sports,1547
480,D5e778EF78bfc2f,"Pennington, Hooper and Perkins",https://www.sparks-proctor.com/,Saint Barthelemy,Customizable user-facing initiative,1984,Dairy,8560
481,1A1402CAa5A1f1c,Estrada-Leon,https://www.myers-bradley.com/,Cocos (Keeling) Islands,De-engineered executive initiative,1984,Events Services,4218
482,06fAe819ccE7D30,Beard PLC,http://evans-herman.org/,France,Multi-layered clear-thinking paradigm,1974,Facilities Services,2987
483,bfbafA179E73bE7,Bates PLC,http://www.grant.com/,New Zealand,Inverse non-volatile archive,1984,Religious Institutions,674
484,1bFF3577dbcEb9A,Macdonald-Villegas,http://www.kramer.net/,Nicaragua,User-friendly cohesive artificial intelligence,2010,Animation,8501
485,DAA6D3E06EaDa02,"Mata, Benjamin and Sanchez",http://www.harris.com/,Western Sahara,Total responsive adapter,1986,Business Supplies / Equipment,2814
486,5b62b5165B3A0C8,"Rice, Norton and Stein",http://mccann.info/,Cook Islands,Visionary scalable ability,2007,Transportation,6307
487,BD4fe0a98Ee79C2,Mahoney-Lowe,http://www.barajas.com/,Wallis and Futuna,Balanced systematic info-mediaries,2006,Logistics / Procurement,5763
488,B061d4651eDB294,Simmons Group,http://www.oliver.net/,Sweden,Diverse zero-defect attitude,1985,Entertainment / Movie Production,3416
489,6aA8Ef34dCeEd25,"Holt, Morris and Delgado",https://www.skinner.com/,Argentina,Innovative stable Local Area Network,1999,Translation / Localization,7672
490,b0e3302F6101261,"Yates, Best and Zuniga",https://www.chavez.net/,Trinidad and Tobago,Multi-lateral local infrastructure,2001,Food Production,1009
491,5ee52CbB3A2ea9d,Byrd LLC,http://ramirez.com/,Palau,Object-based 5thgeneration synergy,1981,Mental Health Care,6537
492,0a3Ca1E9C01BAAE,Barber LLC,http://roth-riley.com/,Antarctica (the territory South of 60 deg S),Distributed tangible productivity,1998,Insurance,1021
493,52bc0070051fBF9,Potter-Solis,http://riley.biz/,Kenya,Horizontal asymmetric interface,1993,Entertainment / Movie Production,4209
494,dCA30bEc2E880F8,Ramos-Kemp,http://page.com/,Montserrat,Enterprise-wide modular extranet,1979,Ranching,699
495,E60D6e153aa2e78,Cisneros-Parks,http://www.gutierrez.com/,Pakistan,Face-to-face heuristic superstructure,1992,Printing,7884
496,9D3Ec64eBDc768E,Jenkins Inc,https://evans.com/,Zimbabwe,Visionary radical approach,2019,Renewables / Environment,1864
497,cA9D6b6FDefC6B8,"Cummings, Woodard and Wiley",http://www.blackburn-cochran.com/,Western Sahara,Multi-lateral needs-based concept,2006,Wine / Spirits,7436
498,6a390f1BDcCFB4a,Holloway-Ali,https://www.ferguson.com/,Russian Federation,Enhanced multimedia database,2001,Library,648
499,bC6aDFff45c6bDD,Mclaughlin LLC,http://coleman.com/,Estonia,Open-architected mobile orchestration,1975,Ranching,5650
500,ff39194b871F0dB,Macias-Chung,https://levine.com/,Palau,Object-based dynamic installation,1985,Motion Pictures / Film,8958
501,8F3D5626D7D4F41,Ramos Ltd,https://www.werner-holder.biz/,Gambia,Focused zero administration open system,2018,Computer / Network Security,9088
502,318C1F58cFcBda9,Weaver-Barnett,https://www.patton-ayers.com/,Belarus,Managed disintermediate moderator,1991,Business Supplies / Equipment,8600
503,ab7EcA27EcCbc44,Macdonald PLC,https://www.brown.biz/,Rwanda,Horizontal neutral algorithm,1971,Gambling / Casinos,9950
504,69DCF87B76e8d91,Coffey-Hooper,http://mendoza-burnett.com/,Eritrea,Phased heuristic strategy,2007,Pharmaceuticals,2660
505,61dA9fefC27c3a9,Ayers-Hernandez,https://case.com/,India,Cross-group logistical success,1992,Higher Education / Acadamia,5982
506,795195c9db5E1c0,Cline-Heath,http://www.walter.net/,Chad,Fundamental national data-warehouse,2020,Computer Networking,6977
507,c32ab921aCa1B00,"Rivera, Russo and Romero",https://www.wells-romero.com/,Nicaragua,Versatile leadingedge analyzer,1993,Package / Freight Delivery,8848
508,4aE70BE74F2674D,"Hardy, Ellis and Hopkins",http://www.sampson-johnson.org/,Moldova,Multi-tiered web-enabled initiative,2009,Library,4990
509,3f665DEB1D8d4E9,Gray and Sons,http://dodson.com/,China,Virtual system-worthy adapter,1980,Packaging / Containers,8303
510,f3B2e86f669AbA9,Hogan-Rodgers,https://garner-moreno.net/,Marshall Islands,Programmable stable interface,1970,Glass / Ceramics / Concrete,5029
511,0FAfCa3DCbdb5C5,Baxter-Morgan,https://www.parsons.org/,Saudi Arabia,Balanced value-added access,2005,Paper / Forest Products,545
512,aFEAF6bEef0db13,Frederick-Singh,https://levy-david.com/,Chile,De-engineered system-worthy help-desk,1971,Fine Art,5687
513,778FB7e29D989a6,"Harvey, Pennington and Richard",http://lara.com/,Hungary,User-centric methodical groupware,2016,Computer Hardware,3894
514,41EC4DDD3F62BBC,"Arroyo, Garcia and Patterson",http://www.martin.com/,Denmark,Sharable grid-enabled Internet solution,2020,Wireless,9235
515,90ACD16eC3fFE95,Lynch Ltd,http://robertson.com/,Northern Mariana Islands,Adaptive transitional intranet,1983,Outsourcing / Offshoring,2369
516,1efcc32edE60fca,Rios-Walsh,http://www.hays-berry.com/,Thailand,Reactive attitude-oriented adapter,1973,Renewables / Environment,3747
517,D6a73E79088828f,Sanford Inc,http://www.livingston.com/,Sao Tome and Principe,Function-based leadingedge structure,1997,Professional Training,5994
518,DAD2bd3ae5cE86D,Vasquez-Ochoa,https://www.rose.com/,Cuba,User-centric asymmetric framework,1983,Packaging / Containers,4878
519,BdE60A0ba20f8EC,"Bean, Hudson and Velasquez",http://kramer.com/,Saint Barthelemy,Down-sized tangible alliance,2001,Writing / Editing,7395
520,7D2AD65fddd66C5,Drake PLC,http://www.kane.com/,Mali,Cross-group human-resource framework,2009,Warehousing,4793
521,0a55B0f24D3Eeb1,Weeks-Joseph,http://www.hartman.org/,United Kingdom,Persevering hybrid paradigm,1970,Mining / Metals,4528
522,df5374b39F2fF79,Villegas-Liu,http://kemp-lucero.com/,Malaysia,Synergized 24hour system engine,1991,Mental Health Care,9517
523,95eC7F1C0C5a9F5,"Daniels, Whitney and Valenzuela",https://sosa.com/,Russian Federation,Face-to-face foreground initiative,1988,Human Resources / HR,6869
524,788906D5EDDABE1,Lucero-Trevino,https://palmer.com/,Iran,Extended bandwidth-monitored monitoring,2018,Think Tanks,6403
525,df66E70fAE1aa5d,Barnett-Randolph,http://donaldson.com/,Algeria,Centralized 24hour adapter,1998,Automotive,7518
526,c3B6DFAaa57f88C,"Diaz, Mercer and Yoder",http://www.thornton-rosales.net/,Dominican Republic,Multi-lateral foreground task-force,2013,Medical Practice,4077
527,Ce017B247DB1EDE,Mcmahon and Sons,http://copeland.com/,British Virgin Islands,Re-contextualized 24hour secured line,1997,Medical Practice,6029
528,244f2BdbB45DCBc,Wiley and Sons,https://huerta.com/,Antigua and Barbuda,Upgradable real-time encoding,1994,Transportation,6177
529,bde405D2e490EBe,Salazar-Hanson,https://www.berry.com/,Andorra,Self-enabling empowering focus group,1988,Biotechnology / Greentech,92
530,dE66a10fAf4e5B1,Tanner-Webster,https://www.wu.com/,Chad,Programmable full-range emulation,2006,Pharmaceuticals,4176
531,F98B8cdDCB4FfEd,"Parker, Cherry and Jimenez",https://hanson.info/,Sierra Leone,Face-to-face object-oriented website,2016,Oil / Energy / Solar / Greentech,4261
532,59cFbb4DA336DCb,Briggs PLC,https://randall.info/,Swaziland,Centralized static toolset,1991,Wine / Spirits,5245
533,6e6BF4D43DdFbCd,"Stephenson, Ashley and Chung",http://www.fry.com/,Suriname,Centralized context-sensitive Local Area Network,1974,Glass / Ceramics / Concrete,9716
534,fa302496C8b81dE,Salazar Ltd,https://www.horton-clarke.com/,Cuba,Robust solution-oriented frame,1999,Information Services,2730
535,bcF355a517CB541,"Decker, Wang and Barajas",http://smith.com/,French Southern Territories,Open-architected uniform throughput,1981,Commercial Real Estate,871
536,4cD5fA2EDeADB49,Meza-Schneider,https://www.decker.net/,Monaco,De-engineered non-volatile framework,2015,Religious Institutions,4631
537,994AAd9baA0bef3,Guzman LLC,https://walter-stevens.net/,Chad,Configurable regional focus group,1973,Banking / Mortgage,2251
538,91fC21F3fF0C6A4,Rollins-Meyer,https://www.rosales-stark.com/,Egypt,Phased foreground Graphical User Interface,1996,Biotechnology / Greentech,7454
539,2f417d8EDbecdDA,Copeland-Hobbs,http://davila.org/,Portugal,Enterprise-wide heuristic Graphical User Interface,1991,Computer / Network Security,2174
540,B87a9762ff1eCDC,Mcconnell-Sheppard,https://www.hinton-howard.com/,Cape Verde,Reverse-engineered demand-driven capacity,1995,Primary / Secondary Education,9808
541,979Fc3e02c5f6FC,"Zhang, Sosa and Ayala",http://conrad.com/,Palestinian Territory,Object-based 4thgeneration website,1987,Military Industry,859
542,F7c7DfFB1d299cA,Morris Ltd,http://potter-lutz.com/,Tonga,Persevering zero tolerance forecast,2000,Outsourcing / Offshoring,1351
543,624F5E1C3C0f0a0,"Pierce, Gallegos and Knox",https://www.neal.net/,France,Synchronized real-time conglomeration,2016,Fine Art,6016
544,caa9F2DcfE626cE,Daniels and Sons,https://www.harrison.com/,Saint Vincent and the Grenadines,Cross-platform dedicated Local Area Network,2014,Defense / Space,4354
545,Adbab402A9cC80a,"Hickman, Valentine and Krause",https://reyes.net/,Northern Mariana Islands,Decentralized c